Enterprise,Title,Location,Link
(주)델레오코리아,[델레오코리아] DevOps 시스템 관리자 채용,서울강남구,https://www.saramin.co.kr/zf_user/jobs/relay/view?isMypage=no&rec_idx=45305705
(주)에스티씨랩,Cloud DevOps Engineer,서울전체,https://www.saramin.co.kr/zf_user/jobs/relay/view?isMypage=no&rec_idx=44360288
해치랩스(주),[HQ] DevOps Engineer,서울강남구,https://www.saramin.co.kr/zf_user/jobs/relay/view?isMypage=no&rec_idx=45236734
(주)스탬퍼,블록체인 서비스 DevOPS,서울전체,https://www.saramin.co.kr/zf_user/jobs/relay/view?isMypage=no&rec_idx=45078911
인포그랩(유),[인포그랩] DevOps CI/CD 파이프라인 엔지니어 (경력),경기전체,https://www.saramin.co.kr/zf_user/jobs/relay/view?isMypage=no&rec_idx=45277139
인포그랩(유),[인포그랩] DevOps 엔지니어 구인(경력),경기전체,https://www.saramin.co.kr/zf_user/jobs/relay/view?isMypage=no&rec_idx=45277221
인포그랩(유),[인포그랩] DevOps 컨설턴트/코치 구인 (경력),경기전체,https://www.saramin.co.kr/zf_user/jobs/relay/view?isMypage=no&rec_idx=45277278
(주)헬로서치,유명 IT기업 DevOps엔지니어 모집,서울강남구,https://www.saramin.co.kr/zf_user/jobs/relay/view?isMypage=no&rec_idx=45320669
(주)버드뷰,DevOps Engineer,서울서초구,https://www.saramin.co.kr/zf_user/jobs/relay/view?isMypage=no&rec_idx=44481390
(주)큐픽스,[DevOps/Infra] 데브옵스/인프라 엔지니어,경기전체,https://www.saramin.co.kr/zf_user/jobs/relay/view?isMypage=no&rec_idx=45209277
(주)위클립스,[위클립스] DevOps/infra 엔지니어,서울전체,https://www.saramin.co.kr/zf_user/jobs/relay/view?isMypage=no&rec_idx=45339269
(주)위클립스,[위클립스] DevOps/infra 엔지니어 모집 공고,서울영등포구,https://www.saramin.co.kr/zf_user/jobs/relay/view?isMypage=no&rec_idx=45338456
(주)위시빈,DevOps 엔지니어 [경력 5년 이상],서울전체,https://www.saramin.co.kr/zf_user/jobs/relay/view?isMypage=no&rec_idx=44963846
(주)렌딧,DevOps Engineer,서울전체,https://www.saramin.co.kr/zf_user/jobs/relay/view?isMypage=no&rec_idx=44836273
(주)리버스랩,서버 인프라 담당자(Senior) DevOps AWS 개발자,서울서초구,https://www.saramin.co.kr/zf_user/jobs/relay/view?isMypage=no&rec_idx=44985126
(주)에스유스카우트,[플랫폼솔루션] DevOps 엔지니어,서울서초구,https://www.saramin.co.kr/zf_user/jobs/relay/view?isMypage=no&rec_idx=45320859
(주)와탭랩스,데브옵스 엔지니어(DevOps Engineer)(7년 이상),서울전체,https://www.saramin.co.kr/zf_user/jobs/relay/view?isMypage=no&rec_idx=43344619
(주)테크에이스지엑스,클라우드 DevOps 엔지니어 채용,서울서초구,https://www.saramin.co.kr/zf_user/jobs/relay/view?isMypage=no&rec_idx=44950732
몬드리안에이아이(주),DevOps 엔지니어(경력),인천전체,https://www.saramin.co.kr/zf_user/jobs/relay/view?isMypage=no&rec_idx=45128289
몬드리안에이아이(주),DevOps 엔지니어(신입),인천전체,https://www.saramin.co.kr/zf_user/jobs/relay/view?isMypage=no&rec_idx=45128275
(주)한국포인트거래소,DevOps & SE,서울전체,https://www.saramin.co.kr/zf_user/jobs/relay/view?isMypage=no&rec_idx=44969906
몬드리안에이아이(주),"DevOps 엔지니어 (신입, 경력) 채용",인천연수구,https://www.saramin.co.kr/zf_user/jobs/relay/view?isMypage=no&rec_idx=45040805
(주)레드브릭,DevOps,서울전체,https://www.saramin.co.kr/zf_user/jobs/relay/view?isMypage=no&rec_idx=43311676
(주)스마트스코어,[골프IT플랫폼 스마트스코어] 기술운영 개발(DevOps),서울전체,https://www.saramin.co.kr/zf_user/jobs/relay/view?isMypage=no&rec_idx=45020694
(주)콰가,DevOps 정규직 모집합니다,서울강서구,https://www.saramin.co.kr/zf_user/jobs/relay/view?isMypage=no&rec_idx=45026368
(주)페이히어,DevOps 엔지니어,서울전체,https://www.saramin.co.kr/zf_user/jobs/relay/view?isMypage=no&rec_idx=44766155
"(주)브레이브모바일(숨고, Soomgo)",DevOps Engineer,서울전체,https://www.saramin.co.kr/zf_user/jobs/relay/view?isMypage=no&rec_idx=44860058
아슈리온코리아(유),[외국계] IT DevOps Engineer,서울종로구,https://www.saramin.co.kr/zf_user/jobs/relay/view?isMypage=no&rec_idx=45024283
(주)스마트스코어,DevOps(On-Premise/Cloud) Infra 운영 기술(System Enginner),서울전체,https://www.saramin.co.kr/zf_user/jobs/relay/view?isMypage=no&rec_idx=45020726
(주)콰가,DevOps 정규직 모집합니다,서울전체,https://www.saramin.co.kr/zf_user/jobs/relay/view?isMypage=no&rec_idx=45142809
(주)카카오모빌리티,DevOps 엔지니어,경기성남시 분당구,https://www.saramin.co.kr/zf_user/jobs/relay/view?isMypage=no&rec_idx=45314387
(주)와이즈커머스,이커머스 DevOps 엔지니어,서울전체,https://www.saramin.co.kr/zf_user/jobs/relay/view?isMypage=no&rec_idx=41324411
(주)에이젠글로벌,[에이젠 글로벌] DevOps 엔지니어,서울전체,https://www.saramin.co.kr/zf_user/jobs/relay/view?isMypage=no&rec_idx=43897211
(주)더라이징스타헤딩,[판교/딥엑스]데브옵스(DevOps) 엔지니어,경기성남시 분당구,https://www.saramin.co.kr/zf_user/jobs/relay/view?isMypage=no&rec_idx=45333833
(주)뉴링크,[뉴링크] DevOps Engineer,서울전체,https://www.saramin.co.kr/zf_user/jobs/relay/view?isMypage=no&rec_idx=42766402
쿼타랩(주),DevOps Engineer,서울강남구,https://www.saramin.co.kr/zf_user/jobs/relay/view?isMypage=no&rec_idx=45270886
(주)미스터카멜,DevOps Engineer,서울전체,https://www.saramin.co.kr/zf_user/jobs/relay/view?isMypage=no&rec_idx=43629706
(주)로똔다,Infra/DevOps Engineer&정보보안 담당 Engineer,서울강남구,https://www.saramin.co.kr/zf_user/jobs/relay/view?isMypage=no&rec_idx=44938213
(주)위메프오,[위메프오] DevOps Engineer,서울강남구,https://www.saramin.co.kr/zf_user/jobs/relay/view?isMypage=no&rec_idx=45290237
(주)퓨리오사에이아이,DevOps (CI/CD) Engineer,서울전체,https://www.saramin.co.kr/zf_user/jobs/relay/view?isMypage=no&rec_idx=45262237
한국화이자제약(주),Digital Medical Scientific Liason,북·중미멕시코,https://www.saramin.co.kr/zf_user/jobs/relay/view?isMypage=no&rec_idx=45158539
(주)비즈코,2023년 상반기 신입사원 수시채용,부산동래구,https://www.saramin.co.kr/zf_user/jobs/relay/view?isMypage=no&rec_idx=45320503
코나아이(주),코나아이㈜ 개발직군 경력사원 대규모 채용,서울영등포구,https://www.saramin.co.kr/zf_user/jobs/relay/view?isMypage=no&rec_idx=45384699
(주)단비교육,에듀테크 1등 기업 단비교육 (개발/서비스기획/운영/마케팅/콘텐츠/교사교육/교사팀장/상담),서울강남구,https://www.saramin.co.kr/zf_user/jobs/relay/view?isMypage=no&rec_idx=45166236
인터리젠(주),시스템 엔지니어 신입 및 경력 모집,서울강남구,https://www.saramin.co.kr/zf_user/jobs/relay/view?isMypage=no&rec_idx=45335110
네이버랩스(주),[인턴십] Machine Learning Engineer - Robot Manipulation,경기성남시 분당구,https://www.saramin.co.kr/zf_user/jobs/relay/view?isMypage=no&rec_idx=45149540
화이트정보통신(주),신입 Java개발자 채용,서울강남구,https://www.saramin.co.kr/zf_user/jobs/relay/view?isMypage=no&rec_idx=45385115
(주)마이다스아이티,23년 상 마이다스 대규모 채용,경기성남시 분당구,https://www.saramin.co.kr/zf_user/jobs/relay/view?isMypage=no&rec_idx=45232368
(주)더존비즈온,서비스기획/설계/서비스운영/QA,강원춘천시,https://www.saramin.co.kr/zf_user/jobs/relay/view?isMypage=no&rec_idx=45285446
에스케이렌터카(주),[SK렌터카] IT개발 담당자 채용 (신입/경력),서울종로구,https://www.saramin.co.kr/zf_user/jobs/relay/view?isMypage=no&rec_idx=45299001
(주)단군소프트,전산보안 담당자,서울강남구,https://www.saramin.co.kr/zf_user/jobs/relay/view?isMypage=no&rec_idx=45385215
(주)케이지모빌리언스,[KG모빌리언스]B2C/B2B 서비스 서버 및 백엔드 개발 담당자 채용,서울중구,https://www.saramin.co.kr/zf_user/jobs/relay/view?isMypage=no&rec_idx=45135513
나이스페이먼츠(주),[NICE페이먼츠] '23년 신입/경력 상시 채용,서울마포구,https://www.saramin.co.kr/zf_user/jobs/relay/view?isMypage=no&rec_idx=45008956
(주)시큐아이,[삼성SDS자회사] (주)시큐아이 경력사원 채용공고(보안운영),서울종로구,https://www.saramin.co.kr/zf_user/jobs/relay/view?isMypage=no&rec_idx=45364762
(주) LG CNS,금융분야 경력채용,서울전체,https://www.saramin.co.kr/zf_user/jobs/relay/view?isMypage=no&rec_idx=45361068
(주)파나시아,㈜파나시아 IT전략팀 각 분야 신입/경력직 채용,부산강서구,https://www.saramin.co.kr/zf_user/jobs/relay/view?isMypage=no&rec_idx=45094526
(주)이젠아카데미,[국비지원 취업] 자바 웹개발/빅데이터/웹디자인/영상/건축,서울전체,https://www.saramin.co.kr/zf_user/jobs/relay/view?isMypage=no&rec_idx=39659240
(주)페이타랩,[패스오더] 급성장중인 스타트업 '데브옵스 엔지니어' 채용,서울전체,https://www.saramin.co.kr/zf_user/jobs/relay/view?isMypage=no&rec_idx=45068695
(주)와이즈버즈,백엔드 개발자 (3년 이상),서울전체,https://www.saramin.co.kr/zf_user/jobs/relay/view?isMypage=no&rec_idx=44611894
(주)그래코퍼레이션,웹프론트엔드 및 백엔드 정규직 개발자 채용,부산해운대구,https://www.saramin.co.kr/zf_user/jobs/relay/view?isMypage=no&rec_idx=45046909
(주)지놈인사이트테크놀로지,[유망 스타트업] 2023 상반기 각 부분별 공개채용,대전유성구,https://www.saramin.co.kr/zf_user/jobs/relay/view?isMypage=no&rec_idx=45040917
(주)씨커스,[Seekers Inc.] 신입 개발자 공개 채용,서울구로구,https://www.saramin.co.kr/zf_user/jobs/relay/view?isMypage=no&rec_idx=45162623
티에스엔랩(주),네트워크 개발자(C/Rust),경기전체,https://www.saramin.co.kr/zf_user/jobs/relay/view?isMypage=no&rec_idx=45385733
(주)교보문고,[경력] Database 관리 경력사원 모집,서울마포구,https://www.saramin.co.kr/zf_user/jobs/relay/view?isMypage=no&rec_idx=45148197
현대자동차(주),"Manager, IT Internal Audit",미국캘리포니아주,https://www.saramin.co.kr/zf_user/jobs/relay/view?isMypage=no&rec_idx=45179301
(주)무신사,[29CM] 그로스 마케터,서울성동구,https://www.saramin.co.kr/zf_user/jobs/relay/view?isMypage=no&rec_idx=45147363
씨앤토트㈜,클라우드 기술 영업 (Pre-Sales) / 기업영업 모집 (신입/경력),서울서초구,https://www.saramin.co.kr/zf_user/jobs/relay/view?isMypage=no&rec_idx=45135400
(주)솔리드이엔지,(주)솔리드이엔지 사무직 - 클라우드 기술 신입사원 모집,대전유성구,https://www.saramin.co.kr/zf_user/jobs/relay/view?isMypage=no&rec_idx=45212619
(주)티오더,Backend_Lead 개발자,서울전체,https://www.saramin.co.kr/zf_user/jobs/relay/view?isMypage=no&rec_idx=44902789
(주)키스템프그룹,[잠실역/6800만] 사내 전산 시스템(Spring/JSP/iBatis/Java),서울송파구,https://www.saramin.co.kr/zf_user/jobs/relay/view?isMypage=no&rec_idx=45350186
(주)클라우드네트웍스,[클라우드네트웍스] 클라우드시스템 엔지니어 모집 (신입/경력),서울강남구,https://www.saramin.co.kr/zf_user/jobs/relay/view?isMypage=no&rec_idx=45041045
(주)스카이오토넷,(주)스카이오토넷 - 하드웨어 회로설계 개발자 (신입/경력),서울서초구,https://www.saramin.co.kr/zf_user/jobs/relay/view?isMypage=no&rec_idx=45119274
(주)잉카엔트웍스,테크 리드(보안 프로덕트 AppSealing Team),서울전체,https://www.saramin.co.kr/zf_user/jobs/relay/view?isMypage=no&rec_idx=45022683
(주)인라이플,[주4.5일근무] 인라이플 자회사 CTO 채용,서울구로구,https://www.saramin.co.kr/zf_user/jobs/relay/view?isMypage=no&rec_idx=45370583
메가존클라우드(주),"DevRel, 직무 교육 전문가(Learning&Development 등) 채용",서울강남구,https://www.saramin.co.kr/zf_user/jobs/relay/view?isMypage=no&rec_idx=45190878
(주)카카오엔터프라이즈,[클라우드인프라] 클라우드 데이터센터 IT 운영 엔지니어 영입,경기전체,https://www.saramin.co.kr/zf_user/jobs/relay/view?isMypage=no&rec_idx=45189993
(주)엔라이즈,Site Reliability Engineer,서울서초구,https://www.saramin.co.kr/zf_user/jobs/relay/view?isMypage=no&rec_idx=45218541
베스핀글로벌(주),클라우드 보안 아키텍쳐 (Cloud Security Architecture)영입,서울서초구,https://www.saramin.co.kr/zf_user/jobs/relay/view?isMypage=no&rec_idx=45226154
나무기술(주),클라우드/가상화 시스템 엔지니어 모집,서울강서구,https://www.saramin.co.kr/zf_user/jobs/relay/view?isMypage=no&rec_idx=45335768
메가존클라우드(주),"K-Cloud 기술 전문가(SA, PreSales)채용",서울강남구,https://www.saramin.co.kr/zf_user/jobs/relay/view?isMypage=no&rec_idx=45190902
(주)오픈클라우드랩,[kt그룹사]오픈소스 기반 클라우드 신입 시스템 엔지니어 채용,서울강남구,https://www.saramin.co.kr/zf_user/jobs/relay/view?isMypage=no&rec_idx=45199002
(주)엣데이터,Spring framework 개발자 모집,경기성남시 분당구,https://www.saramin.co.kr/zf_user/jobs/relay/view?isMypage=no&rec_idx=45017467
주식회사 메디칼파크,응용프로그래머 모집,경기용인시 수지구,https://www.saramin.co.kr/zf_user/jobs/relay/view?isMypage=no&rec_idx=45207827
(주)누리어시스템,"[금양SI] Java, JSP 웹 개발자를 모십니다.",경기하남시,https://www.saramin.co.kr/zf_user/jobs/relay/view?isMypage=no&rec_idx=45378867
베스핀글로벌(주),클라우드 보안 컨설턴트 영입,서울서초구,https://www.saramin.co.kr/zf_user/jobs/relay/view?isMypage=no&rec_idx=45226359
법무법인(유)대륜,법무법인(유한) 대륜 개발팀 웹/앱 디자이너,부산해운대구,https://www.saramin.co.kr/zf_user/jobs/relay/view?isMypage=no&rec_idx=45383165
메가존클라우드(주),STC(Cloud Architect /Application Architect)채용,서울강남구,https://www.saramin.co.kr/zf_user/jobs/relay/view?isMypage=no&rec_idx=45308377
디지엠유닛원(주),"아침이 있는 삶 DGM, 신입/경력 채용",서울금천구,https://www.saramin.co.kr/zf_user/jobs/relay/view?isMypage=no&rec_idx=45292082
(주)알지티,[알지티] Web 개발자,서울전체,https://www.saramin.co.kr/zf_user/jobs/relay/view?isMypage=no&rec_idx=45274047
메가존클라우드(주),Strategic Tech Center (PM/AA) 채용,서울강남구,https://www.saramin.co.kr/zf_user/jobs/relay/view?isMypage=no&rec_idx=45308242
오픈마루(주),오픈마루 각 부문 신입/경력 직원 채용,서울성동구,https://www.saramin.co.kr/zf_user/jobs/relay/view?isMypage=no&rec_idx=45042526
잉카엔트웍스,개발 팀장(App 보안솔루션),서울강남구,https://www.saramin.co.kr/zf_user/jobs/relay/view?isMypage=no&rec_idx=45375382
(주)바로고,상점파트 Back-end Engineer (Node.JS),서울전체,https://www.saramin.co.kr/zf_user/jobs/relay/view?isMypage=no&rec_idx=45210973
(주)유비씨,MSA(클라우드 네이티브) 엔지니어,경기전체,https://www.saramin.co.kr/zf_user/jobs/relay/view?isMypage=no&rec_idx=45211327
㈜사이람,인프라 엔지니어 채용 공고(경력),경기성남시 분당구,https://www.saramin.co.kr/zf_user/jobs/relay/view?isMypage=no&rec_idx=45361277
유한책임회사앤서스랩코리아,[외국계]게임 QA 모집,서울강남구,https://www.saramin.co.kr/zf_user/jobs/relay/view?isMypage=no&rec_idx=45276569
유한책임회사앤서스랩코리아,[외국계]게임 Operator 모집,서울강남구,https://www.saramin.co.kr/zf_user/jobs/relay/view?isMypage=no&rec_idx=45276579
아콘소프트(주),클라우드 솔루션 개발자(신입/경력),서울강남구,https://www.saramin.co.kr/zf_user/jobs/relay/view?isMypage=no&rec_idx=45362916
(주) FSN 카울리,㈜FSN 카울리 - 하이브리드앱 Java 웹개발 (주35시간 근무),서울강남구,https://www.saramin.co.kr/zf_user/jobs/relay/view?isMypage=no&rec_idx=44947683
(주)스탠스,(주)스탠스 UX/UI 디자이너 신입/경력 모집,서울노원구,https://www.saramin.co.kr/zf_user/jobs/relay/view?isMypage=no&rec_idx=45279460
솔트웨어(주),[솔트웨어] Cloud Management Platform 개발 부서 팀원 모집,서울구로구,https://www.saramin.co.kr/zf_user/jobs/relay/view?isMypage=no&rec_idx=45321790
(주)엔픽셀,[엔픽셀] IT 운영관리 담당자 모집,서울강남구,https://www.saramin.co.kr/zf_user/jobs/relay/view?isMypage=no&rec_idx=45391724
리디(주),시니어 인프라 엔지니어(Global),서울전체,https://www.saramin.co.kr/zf_user/jobs/relay/view?isMypage=no&rec_idx=45074153
리디(주),[리디] 시니어 인프라 엔지니어,서울전체,https://www.saramin.co.kr/zf_user/jobs/relay/view?isMypage=no&rec_idx=44438852
(주)윙잇,[윙잇] Node.js 백엔드 개발자(4년 이상),서울전체,https://www.saramin.co.kr/zf_user/jobs/relay/view?isMypage=no&rec_idx=45131457
리디(주),[리디] 시니어 백엔드 엔지니어,서울전체,https://www.saramin.co.kr/zf_user/jobs/relay/view?isMypage=no&rec_idx=44439192
(주)다비오,(주)다비오 백엔드 개발자 채용,서울마포구,https://www.saramin.co.kr/zf_user/jobs/relay/view?isMypage=no&rec_idx=44996207
(주)윙잇,[윙잇] Node.js 백엔드 개발자,서울강남구,https://www.saramin.co.kr/zf_user/jobs/relay/view?isMypage=no&rec_idx=45238424
리디(주),[리디 주식회사] 시니어 인프라 엔지니어 채용 진행 중,서울강남구,https://www.saramin.co.kr/zf_user/jobs/relay/view?isMypage=no&rec_idx=45240663
(주)차지비,Application Architecture(AA) 경력직 모집,서울송파구,https://www.saramin.co.kr/zf_user/jobs/relay/view?isMypage=no&rec_idx=45372704
(주)브링코,(주)브링코 브링코팀 엔지니어를 찾습니다.,서울마포구,https://www.saramin.co.kr/zf_user/jobs/relay/view?isMypage=no&rec_idx=45078641
(주)시스콘,AMR System & Platform Engineer/Researcher,인천전체,https://www.saramin.co.kr/zf_user/jobs/relay/view?isMypage=no&rec_idx=43982510
(주)티벨,테스트 자동화 개발자,서울전체,https://www.saramin.co.kr/zf_user/jobs/relay/view?isMypage=no&rec_idx=44627808
포인트아이(주),[신입-경력] 이동통신 사업자 ICT 시스템 운용 엔지니어 / SE,서울강남구,https://www.saramin.co.kr/zf_user/jobs/relay/view?isMypage=no&rec_idx=45057141
(주)티벨,[경력] (주)티벨 개발자 채용공고,서울강남구,https://www.saramin.co.kr/zf_user/jobs/relay/view?isMypage=no&rec_idx=44932175
(주)닥터소프트,(주)닥터소프트 병역특례(전문연구요원) 채용,서울구로구,https://www.saramin.co.kr/zf_user/jobs/relay/view?isMypage=no&rec_idx=44967137
(주)스탬퍼,블록체인 엔지니어(Blockchain Engineer) 정규직 모집,서울전체,https://www.saramin.co.kr/zf_user/jobs/relay/view?isMypage=no&rec_idx=44608960
글로지 주식회사 (GloZ Inc.),Feont end 채용,서울강남구,https://www.saramin.co.kr/zf_user/jobs/relay/view?isMypage=no&rec_idx=44988268
브랜드미,[AI번역 서비스] 백엔드 개발자-Python,서울서초구,https://www.saramin.co.kr/zf_user/jobs/relay/view?isMypage=no&rec_idx=45294492
(주)씨티아이랩,프론트엔드/백엔드/서버 개발 경력 채용,서울서초구,https://www.saramin.co.kr/zf_user/jobs/relay/view?isMypage=no&rec_idx=44977994
(주)인라이플,[주4.5일] Python 개발직무 경력 채용,서울구로구,https://www.saramin.co.kr/zf_user/jobs/relay/view?isMypage=no&rec_idx=45179493
콘텐츠웨이브(주),시스템 엔지니어,서울전체,https://www.saramin.co.kr/zf_user/jobs/relay/view?isMypage=no&rec_idx=44189530
(주)카카오엔터프라이즈,[클라우드DX] 클라우드 보안 엔지니어 영입,경기전체,https://www.saramin.co.kr/zf_user/jobs/relay/view?isMypage=no&rec_idx=45275313
(주)뉴지스탁,서버 담당자,서울전체,https://www.saramin.co.kr/zf_user/jobs/relay/view?isMypage=no&rec_idx=45384735
(주)브이엔티지,"[창원근무] LEVEL-2, MES 운영 및 개발자",경남전체,https://www.saramin.co.kr/zf_user/jobs/relay/view?isMypage=no&rec_idx=44919902
(주)무스마,[MUSMA] IT 스타트업 BE 경력직 개발자 채용공고(부산근무),부산수영구,https://www.saramin.co.kr/zf_user/jobs/relay/view?isMypage=no&rec_idx=45278862
(주)어센트코리아,빅데이터 광고 플랫폼 개발자,서울강남구,https://www.saramin.co.kr/zf_user/jobs/relay/view?isMypage=no&rec_idx=45354572
(주)페이타랩,[패스오더] 급성장중인 스타트업 'QA 엔지니어' 채용,서울강남구,https://www.saramin.co.kr/zf_user/jobs/relay/view?isMypage=no&rec_idx=45068745
엔큐리티(주),[2023.상반기 공채] 기술지원 엔지니어 / 웹 디자이너 모집,경기성남시 분당구,https://www.saramin.co.kr/zf_user/jobs/relay/view?isMypage=no&rec_idx=45174570
(주)이스트게임즈,온라인/모바일 게임서비스 시스템 엔지니어 (신입/경력),서울전체,https://www.saramin.co.kr/zf_user/jobs/relay/view?isMypage=no&rec_idx=41517475
라인게임즈(주),기술PM 모집,서울강남구,https://www.saramin.co.kr/zf_user/jobs/relay/view?isMypage=no&rec_idx=45216595
(주)스펠릭스,[스펠릭스] 네트워크 엔지니어 정규직 채용 (신입/경력),서울영등포구,https://www.saramin.co.kr/zf_user/jobs/relay/view?isMypage=no&rec_idx=45377776
(주)스펠릭스,[스펠릭스] 클라우드 엔지니어 정규직 채용 (신입/경력),서울영등포구,https://www.saramin.co.kr/zf_user/jobs/relay/view?isMypage=no&rec_idx=45377772
(주)위메이드,클라우드 인프라 보안 담당자,서울강남구,https://www.saramin.co.kr/zf_user/jobs/relay/view?isMypage=no&rec_idx=43411699
(주)위메이드,SE (System Engineer),경기전체,https://www.saramin.co.kr/zf_user/jobs/relay/view?isMypage=no&rec_idx=45283385
트럼피아(주),"[TRUMPIA, 외국계] System Engineer 경력 모집",서울강남구,https://www.saramin.co.kr/zf_user/jobs/relay/view?isMypage=no&rec_idx=44736393
(주)넷앤드,솔루션기술본부 신입/경력 엔지니어 채용,서울영등포구,https://www.saramin.co.kr/zf_user/jobs/relay/view?isMypage=no&rec_idx=45166302
(주)알고리고,알고리고에서 백엔드 개발자를 모십니다,서울강남구,https://www.saramin.co.kr/zf_user/jobs/relay/view?isMypage=no&rec_idx=45048514
(주)서원정보,지속적 성장을 위한 백엔드 개발자 모집(신입/경력),서울서초구,https://www.saramin.co.kr/zf_user/jobs/relay/view?isMypage=no&rec_idx=45172010
(주)챔프스터디,[해커스 교육그룹] 클라우드 엔지니어 채용,서울전체,https://www.saramin.co.kr/zf_user/jobs/relay/view?isMypage=no&rec_idx=45066772
(주)씨엔비지넷,서버/네트워크 구축 및 유지보수,서울전체,https://www.saramin.co.kr/zf_user/jobs/relay/view?isMypage=no&rec_idx=44595283
(주)누리어시스템,"Java, JSP 웹개발 PM/PL 채용",경기하남시,https://www.saramin.co.kr/zf_user/jobs/relay/view?isMypage=no&rec_idx=45350427
(주)베스트에치알 (Best HR),블록체인 프론트엔드 백엔드 스마트 컨트랙트 채용,서울영등포구,https://www.saramin.co.kr/zf_user/jobs/relay/view?isMypage=no&rec_idx=45362827
(주)애니캐스팅소프트웨어,S/W 전파해석 엔지니어 채용,서울강서구,https://www.saramin.co.kr/zf_user/jobs/relay/view?isMypage=no&rec_idx=45220994
(주)알엠소프트,"2023 대구 클라우드 전환 사업수행 TA, AA 채용",대구전체,https://www.saramin.co.kr/zf_user/jobs/relay/view?isMypage=no&rec_idx=44727717
(주)카카오모빌리티,"보안점검(모의해킹), 취약점점검 전문가 (시니어급)",경기성남시 분당구,https://www.saramin.co.kr/zf_user/jobs/relay/view?isMypage=no&rec_idx=45157762
(주)카카오모빌리티,웹 프론트엔드 개발자,경기성남시 분당구,https://www.saramin.co.kr/zf_user/jobs/relay/view?isMypage=no&rec_idx=45158881
(주)엔드앤드코리아,[글로벌 플랫폼] 백엔드 개발자 모집 (Kotlin/Spring),서울관악구,https://www.saramin.co.kr/zf_user/jobs/relay/view?isMypage=no&rec_idx=45266627
(주)트릿지,Junior Backend Engineer,서울서초구,https://www.saramin.co.kr/zf_user/jobs/relay/view?isMypage=no&rec_idx=45286298
(주)자비스앤빌런즈,SRE,서울강남구,https://www.saramin.co.kr/zf_user/jobs/relay/view?isMypage=no&rec_idx=45157651
(주)자비스앤빌런즈,데이터 분석가(BI Analyst),서울강남구,https://www.saramin.co.kr/zf_user/jobs/relay/view?isMypage=no&rec_idx=45157585
(주)비티소프트,SM 운영 개발(신입/경력),서울전체,https://www.saramin.co.kr/zf_user/jobs/relay/view?isMypage=no&rec_idx=45239732
법무법인(유)대륜,법무법인(유한) 대륜 개발팀 경력 기획자 모집(부산),부산해운대구,https://www.saramin.co.kr/zf_user/jobs/relay/view?isMypage=no&rec_idx=45320980
주식회사 플루토랩스,(신입ㆍ경력) 데이터 엔지니어(Data Engineer) 채용,서울강남구,https://www.saramin.co.kr/zf_user/jobs/relay/view?isMypage=no&rec_idx=45064382
케이크(주),DW/DM 구축 및 비지니스 분석 담당자 모집,경기성남시 분당구,https://www.saramin.co.kr/zf_user/jobs/relay/view?isMypage=no&rec_idx=45181412
(주)스마일게이트메가포트,[마케팅] 영상 컨텐츠 제작 담당,경기성남시 분당구,https://www.saramin.co.kr/zf_user/jobs/relay/view?isMypage=no&rec_idx=45155804
(주)스마일게이트스토브,[플랫폼기획디자인] 플랫폼 디자인시스템 구축 담당,경기성남시 분당구,https://www.saramin.co.kr/zf_user/jobs/relay/view?isMypage=no&rec_idx=45181094
(주)스마일게이트스토브,[인프라기술] 시스템 엔지니어,경기성남시 분당구,https://www.saramin.co.kr/zf_user/jobs/relay/view?isMypage=no&rec_idx=45182036
(주)스마일게이트메가포트,서비스기획 담당,경기성남시 분당구,https://www.saramin.co.kr/zf_user/jobs/relay/view?isMypage=no&rec_idx=45155561
(주)스마일게이트메가포트,[마케팅] 웹디자인/UI디자인 담당,경기성남시 분당구,https://www.saramin.co.kr/zf_user/jobs/relay/view?isMypage=no&rec_idx=45155751
(주)에이치알글로벌네트워크,[대기업/일본계/리스/캐피탈] 데브옵스 DevOps JAVA,서울강남구,https://www.saramin.co.kr/zf_user/jobs/relay/view?isMypage=no&rec_idx=45340698
쓰리핸즈(3Handz),[ DevOps 엔지니어 ] 국내 1위 채용관리 솔루션기업,서울강남구,https://www.saramin.co.kr/zf_user/jobs/relay/view?isMypage=no&rec_idx=45345495
(주)플랫타이엑스,플랫타이엑스 개발 직군 정규직 채용 (백엔드/DevOps),서울서초구,https://www.saramin.co.kr/zf_user/jobs/relay/view?isMypage=no&rec_idx=44941117
(주)체리,"[체리 코어개발팀] AWS, Kubernetes/DevOps/시스템관리자 채용",서울강남구,https://www.saramin.co.kr/zf_user/jobs/relay/view?isMypage=no&rec_idx=45256978
휴머레인컨설팅,긴급) DevOps Engineer - 업계 최고 대기업 - 최우대,서울전체,https://www.saramin.co.kr/zf_user/jobs/relay/view?isMypage=no&rec_idx=45348052
휴머레인컨설팅,긴급) 업계 최고 대기업 - DevOps Engineer - 최우대,서울강남구,https://www.saramin.co.kr/zf_user/jobs/relay/view?isMypage=no&rec_idx=45348070
디앤에스에버(주),[블록체인 플랫폼] 정규직 DevOps/Cloud/Infra engineer(AWS),서울강남구,https://www.saramin.co.kr/zf_user/jobs/relay/view?isMypage=no&rec_idx=45361310
(주)LG유플러스,DevOps Engineer 상시 모집,서울전체,https://www.saramin.co.kr/zf_user/jobs/relay/view?isMypage=no&rec_idx=44910676
주식회사 윌로그,[윌로그] DevOps 엔지니어 (DevOps Engineer) 경력직 채용,서울강남구,https://www.saramin.co.kr/zf_user/jobs/relay/view?isMypage=no&rec_idx=45139064
(주)두들린,[그리팅] DevOps 엔지니어 (Senior),서울강남구,https://www.saramin.co.kr/zf_user/jobs/relay/view?isMypage=no&rec_idx=45215256
(주)하몬소프트,클라우드 기반 DevOps 구축 개발자,서울금천구,https://www.saramin.co.kr/zf_user/jobs/relay/view?isMypage=no&rec_idx=45233139
(주)시니어앤파트너즈,[성수동] Node.js Devops 개발자,서울성동구,https://www.saramin.co.kr/zf_user/jobs/relay/view?isMypage=no&rec_idx=45277931
(주)커리어라이즈,[초우량 벤처기업] DevOps 엔지니어,서울강남구,https://www.saramin.co.kr/zf_user/jobs/relay/view?isMypage=no&rec_idx=45325369
(주)스마일게이트알피지,[LOST ARK] 플랫폼개발/DevOps 담당,경기성남시 분당구,https://www.saramin.co.kr/zf_user/jobs/relay/view?isMypage=no&rec_idx=45375912
(주)비바리퍼블리카,[토스페이먼츠] DevOps Engineer,서울강남구,https://www.saramin.co.kr/zf_user/jobs/relay/view?isMypage=no&rec_idx=45007951
(주)비바리퍼블리카,[토스플레이스] DevOps Engineer,서울강남구,https://www.saramin.co.kr/zf_user/jobs/relay/view?isMypage=no&rec_idx=45017613
(주)파운트,[파운트] 데브옵스(DevOps) 엔지니어,서울서대문구,https://www.saramin.co.kr/zf_user/jobs/relay/view?isMypage=no&rec_idx=45209859
(주)버드뷰,DevOps Team Lead,서울서초구,https://www.saramin.co.kr/zf_user/jobs/relay/view?isMypage=no&rec_idx=44013571
주식회사오지스,Ozys DevOps 엔지니어 모집,서울영등포구,https://www.saramin.co.kr/zf_user/jobs/relay/view?isMypage=no&rec_idx=45325201
미원상사(주),미원상사㈜&관계사 각 부문 채용,경기안산시,https://www.saramin.co.kr/zf_user/jobs/relay/view?isMypage=no&rec_idx=45340973
(주)하나기술,㈜하나기술 2023년 상반기 각 부문별 직원 채용 공고,경기용인시,https://www.saramin.co.kr/zf_user/jobs/relay/view?isMypage=no&rec_idx=45219032
㈜셀트리온,㈜셀트리온 2023년 1차 신입/경력 수시채용,인천연수구,https://www.saramin.co.kr/zf_user/jobs/relay/view?isMypage=no&rec_idx=45308223
(주)코난테크놀로지,2023년 상반기 각 부문 신입/경력 상시 채용,서울서초구,https://www.saramin.co.kr/zf_user/jobs/relay/view?isMypage=no&rec_idx=44948146
(주)쎄트렉아이,상반기 공채(우주/위성/방산/SW개발자/전자/기계/품질/IT/관리),대전유성구,https://www.saramin.co.kr/zf_user/jobs/relay/view?isMypage=no&rec_idx=45272140
(주)딥노이드,딥노이드 신입 ·경력 채용공고,서울구로구,https://www.saramin.co.kr/zf_user/jobs/relay/view?isMypage=no&rec_idx=44999808
한화비전(주),'2023 상반기 한화비전 채용전제형인턴 채용,경기성남시 분당구,https://www.saramin.co.kr/zf_user/jobs/relay/view?isMypage=no&rec_idx=45355592
(주)디모아,각 분야 채용공고,서울용산구,https://www.saramin.co.kr/zf_user/jobs/relay/view?isMypage=no&rec_idx=42912594
(주)아이비케이시스템,2023년 상반기 IBK 시스템 신입직원 모집요강,서울중구,https://www.saramin.co.kr/zf_user/jobs/relay/view?isMypage=no&rec_idx=45314676
(주)엠투아이코퍼레이션,2023년 각 부문별 신입/경력 채용,경기안양시 동안구,https://www.saramin.co.kr/zf_user/jobs/relay/view?isMypage=no&rec_idx=45238037
지에스이피에스(주),2023년 상반기 신입/경력 수시채용,서울전체,https://www.saramin.co.kr/zf_user/jobs/relay/view?isMypage=no&rec_idx=45331494
중소기업중앙회,각 분야 채용공고,서울영등포구,https://www.saramin.co.kr/zf_user/jobs/relay/view?isMypage=no&rec_idx=45307517
펜타시큐리티시스템(주),[Penta Security] 개발 부분(신입/경력) 인재 채용,서울영등포구,https://www.saramin.co.kr/zf_user/jobs/relay/view?isMypage=no&rec_idx=45262130
메타넷디지털(주),2023 메타넷그룹 경력직 공개채용,서울종로구,https://www.saramin.co.kr/zf_user/jobs/relay/view?isMypage=no&rec_idx=45160542
지니언스(주),2023 지니언스㈜ 상반기 공개 채용,경기안양시,https://www.saramin.co.kr/zf_user/jobs/relay/view?isMypage=no&rec_idx=45169179
(주)이카운트,이카운트 상반기 웹 경력개발자 채용,서울구로구,https://www.saramin.co.kr/zf_user/jobs/relay/view?isMypage=no&rec_idx=45239690
(주)디모아,각 분야 채용공고,서울용산구,https://www.saramin.co.kr/zf_user/jobs/relay/view?isMypage=no&rec_idx=45385266
(주)이카운트,이카운트 상반기 신입 개발자 대규모 채용,서울구로구,https://www.saramin.co.kr/zf_user/jobs/relay/view?isMypage=no&rec_idx=45286287
(주)바로고,배달파트 Back-end Engineer(JAVA),서울전체,https://www.saramin.co.kr/zf_user/jobs/relay/view?isMypage=no&rec_idx=42854239
(주)아이엔지스토리,"[020플랫폼] 서버/인프라, 백엔드 개발, 어플리케이션 개발자 모집",서울서초구,https://www.saramin.co.kr/zf_user/jobs/relay/view?isMypage=no&rec_idx=45171373
(주)컨셉터스,빅데이터 플랫폼 웹Back-end(백엔드/JAVA) 신입/경력직 채용,서울강남구,https://www.saramin.co.kr/zf_user/jobs/relay/view?isMypage=no&rec_idx=45383766
(주)씨티아이랩,사업 개발PL / 프론트엔드 / 백엔드,서울서초구,https://www.saramin.co.kr/zf_user/jobs/relay/view?isMypage=no&rec_idx=44977907
(주)소프트웨어인라이프,Docswave GWS TAM Team Leader,서울강남구,https://www.saramin.co.kr/zf_user/jobs/relay/view?isMypage=no&rec_idx=45193371
비엔비컴퍼니(주),개발 PL 또는 개발PM 모집 (정규직),서울서초구,https://www.saramin.co.kr/zf_user/jobs/relay/view?isMypage=no&rec_idx=45166507
(주)헬로서치,업계 1위 대기업 프론트앤드/백엔드팀장급 각각,서울강남구,https://www.saramin.co.kr/zf_user/jobs/relay/view?isMypage=no&rec_idx=45320614
(주)투비파트너즈,(국내 대기업) 인프라 엔지니어 담당,서울서초구,https://www.saramin.co.kr/zf_user/jobs/relay/view?isMypage=no&rec_idx=45345900
프레시즘(주),[스톡옵션약정] 플랫폼 Back-end 중급 개발자 정규직 채용,서울영등포구,https://www.saramin.co.kr/zf_user/jobs/relay/view?isMypage=no&rec_idx=45358292
(주)헬로서치,업계 1위 대기업 IOT개발 과장/차장급 모집,서울강남구,https://www.saramin.co.kr/zf_user/jobs/relay/view?isMypage=no&rec_idx=45381461
(주)헬로서치,업계 1위 대기업 전사 IT 개발자(서버) 과장/차장급 모집,서울강남구,https://www.saramin.co.kr/zf_user/jobs/relay/view?isMypage=no&rec_idx=45381405
(주)헬로서치,인플루언서 마케팅 회사 프론트엔드/백엔드개발 각각 모집,서울강남구,https://www.saramin.co.kr/zf_user/jobs/relay/view?isMypage=no&rec_idx=45381325
(주)와따,백엔드 JAVA 자바 개발자 모집,경기전체,https://www.saramin.co.kr/zf_user/jobs/relay/view?isMypage=no&rec_idx=40755923
(주)피플펀드컴퍼니,백엔드 엔지니어 (Python),서울전체,https://www.saramin.co.kr/zf_user/jobs/relay/view?isMypage=no&rec_idx=41414828
(주)와따,[WATA Inc] GIS 프론트엔드 엔지니어,경기전체,https://www.saramin.co.kr/zf_user/jobs/relay/view?isMypage=no&rec_idx=43497263
(주)오픈소스컨설팅,미들웨어/PaaS 엔지니어,서울강남구,https://www.saramin.co.kr/zf_user/jobs/relay/view?isMypage=no&rec_idx=44954904
(주)피플펀드컴퍼니,백엔드 엔지니어 (Kotlin/Java),서울전체,https://www.saramin.co.kr/zf_user/jobs/relay/view?isMypage=no&rec_idx=44798121
(주)서원정보,정보보안 솔루션 엔지니어 모집(경력직),서울서초구,https://www.saramin.co.kr/zf_user/jobs/relay/view?isMypage=no&rec_idx=45185025
(주)골드브릿지,개발자 중급자/경력직 채용(3/20 시청부근 사무실 이전 확정),부산부산진구,https://www.saramin.co.kr/zf_user/jobs/relay/view?isMypage=no&rec_idx=45174643
엔터웨이파트너스,개발실장 (Java기반 온라인 학습시스템 개발)-에듀테크 기업,서울강남구,https://www.saramin.co.kr/zf_user/jobs/relay/view?isMypage=no&rec_idx=45333950
로버트월터스코리아(주),[IT/엔지니어] Cloud Engineer,서울중구,https://www.saramin.co.kr/zf_user/jobs/relay/view?isMypage=no&rec_idx=45350753
(주)오픈소스컨설팅,아틀라시안 엔지니어,서울강남구,https://www.saramin.co.kr/zf_user/jobs/relay/view?isMypage=no&rec_idx=45366828
(주)이우소프트,Web/Cloud Back-end 개발자,서울전체,https://www.saramin.co.kr/zf_user/jobs/relay/view?isMypage=no&rec_idx=43423989
(주)이우소프트,Web/Cloud Front-end 개발자,서울전체,https://www.saramin.co.kr/zf_user/jobs/relay/view?isMypage=no&rec_idx=43423980
(주)이우소프트,SW Architect (SW 엔지니어),서울전체,https://www.saramin.co.kr/zf_user/jobs/relay/view?isMypage=no&rec_idx=43423941
(주)에스엠디솔루션,[(주)에스엠디솔루션] 백엔드 개발자 채용,서울종로구,https://www.saramin.co.kr/zf_user/jobs/relay/view?isMypage=no&rec_idx=45305556
(주)에스유스카우트,[머신러닝 AI] 인프라 엔지니어,서울서초구,https://www.saramin.co.kr/zf_user/jobs/relay/view?isMypage=no&rec_idx=45320507
스트라토,Cloud 관리 솔루션 프리세일즈 모집,서울서초구,https://www.saramin.co.kr/zf_user/jobs/relay/view?isMypage=no&rec_idx=45329541
(주)글로벌스카우트,[Global IT회사] System Analyst,서울강남구,https://www.saramin.co.kr/zf_user/jobs/relay/view?isMypage=no&rec_idx=45341152
주식회사 유룸,Azure Cloud Solutions Architect 개발자,서울전체,https://www.saramin.co.kr/zf_user/jobs/relay/view?isMypage=no&rec_idx=42517114
(주)비밀리,서버운영 엔지니어 채용,경기전체,https://www.saramin.co.kr/zf_user/jobs/relay/view?isMypage=no&rec_idx=43722933
(주)아파트아이,[아파트아이] 클라우드 엔지니어,서울전체,https://www.saramin.co.kr/zf_user/jobs/relay/view?isMypage=no&rec_idx=44206671
(주)라라스테이션,안드로이드 개발자,서울전체,https://www.saramin.co.kr/zf_user/jobs/relay/view?isMypage=no&rec_idx=45132161
(주)라라스테이션,IOS 개발자 모집,서울전체,https://www.saramin.co.kr/zf_user/jobs/relay/view?isMypage=no&rec_idx=45132173
(주)비밀리,[경력] 앱 QA 채용,경기성남시 분당구,https://www.saramin.co.kr/zf_user/jobs/relay/view?isMypage=no&rec_idx=45161966
(주)한국포인트거래소,백엔드 개발자,서울전체,https://www.saramin.co.kr/zf_user/jobs/relay/view?isMypage=no&rec_idx=44969712
(주)에듀메타,에듀메타 인재 채용 (블록체인 엔지니어),부산남구,https://www.saramin.co.kr/zf_user/jobs/relay/view?isMypage=no&rec_idx=45224806
(주)웰데이타시스템,공공클라우드전환/ 마이그레이션/ AP전환/시스템엔니지어 채용,제주제주시,https://www.saramin.co.kr/zf_user/jobs/relay/view?isMypage=no&rec_idx=45212891
(주)에이아이트릭스,QA Engineer,서울전체,https://www.saramin.co.kr/zf_user/jobs/relay/view?isMypage=no&rec_idx=45235583
(주)코리아휴먼리소시스,대기업 계열사 백엔드 개발자(5년이상) 채용,서울동작구,https://www.saramin.co.kr/zf_user/jobs/relay/view?isMypage=no&rec_idx=45333286
커리어커넥트(주),[초음파 진단기 전문기업] S/W 엔지니어링,서울강동구,https://www.saramin.co.kr/zf_user/jobs/relay/view?isMypage=no&rec_idx=45362710
(주)세나클소프트,[헬스케어 서비스] 시스템 엔지니어,서울전체,https://www.saramin.co.kr/zf_user/jobs/relay/view?isMypage=no&rec_idx=39739665
(주)스마트스코어,[골프IT플랫폼 스마트스코어] PHP 개발자,서울전체,https://www.saramin.co.kr/zf_user/jobs/relay/view?isMypage=no&rec_idx=43456967
(주)미디움,DevOps Engineer 모집,서울강남구,https://www.saramin.co.kr/zf_user/jobs/relay/view?isMypage=no&rec_idx=45377492
(주)야놀자,DevOps Engineer - Infra,서울강남구,https://www.saramin.co.kr/zf_user/jobs/relay/view?isMypage=no&rec_idx=45127706
씨제이올리브영(주),SRE(DevOps),서울전체,https://www.saramin.co.kr/zf_user/jobs/relay/view?isMypage=no&rec_idx=45324400
메가존클라우드(주),Hybrid&AI Platform Cloud (개발/Elastic/Sales/DevOps) 채용,서울강남구,https://www.saramin.co.kr/zf_user/jobs/relay/view?isMypage=no&rec_idx=45298516
(주)어센트코리아,인프라 엔지니어(DevOps),서울강남구,https://www.saramin.co.kr/zf_user/jobs/relay/view?isMypage=no&rec_idx=45352622
(주)클라리파이,기업부설연구소 클라우드/DevOps 엔지니어 채용,서울종로구,https://www.saramin.co.kr/zf_user/jobs/relay/view?isMypage=no&rec_idx=45189669
(주)스마트스코어,DevOps(On-Premise/Cloud) 운영 관리(License & Documentation),서울전체,https://www.saramin.co.kr/zf_user/jobs/relay/view?isMypage=no&rec_idx=45317186
(주)하이브,[HYBE] DevOps 엔지니어,서울용산구,https://www.saramin.co.kr/zf_user/jobs/relay/view?isMypage=no&rec_idx=45334618
법무법인(유)대륜,법무법인(유한) 대륜 백엔드 개발자/DevOps 엔지니어 모집,부산해운대구,https://www.saramin.co.kr/zf_user/jobs/relay/view?isMypage=no&rec_idx=45270663
(주)에듀윌,Devops Engineer(파트장),서울전체,https://www.saramin.co.kr/zf_user/jobs/relay/view?isMypage=no&rec_idx=45356528
(주)뉴링크,[뉴링크] DevOps Engineer(신입),서울전체,https://www.saramin.co.kr/zf_user/jobs/relay/view?isMypage=no&rec_idx=42766391
(주)지엘엔인터내셔널,[GLN] CICD/DevOps 담당자 (경력 무관),서울전체,https://www.saramin.co.kr/zf_user/jobs/relay/view?isMypage=no&rec_idx=44909965
(주)씨알에스큐브,AWS(Devops)엔지니어 채용,서울마포구,https://www.saramin.co.kr/zf_user/jobs/relay/view?isMypage=no&rec_idx=45274773
경기산업(주),제어로봇팀 devops/시스템엔지니어 부서장 채용,경기시흥시,https://www.saramin.co.kr/zf_user/jobs/relay/view?isMypage=no&rec_idx=45249339
(주)단군소프트,DevOps 엔지니어,서울강남구,https://www.saramin.co.kr/zf_user/jobs/relay/view?isMypage=no&rec_idx=45384908
(주)서울옥션,[(주)서울옥션] 웹서비스개발팀 DevOps 신규직원,서울종로구,https://www.saramin.co.kr/zf_user/jobs/relay/view?isMypage=no&rec_idx=45389852
(주)안랩,[경력] DevOps 담당자 모집,경기성남시 분당구,https://www.saramin.co.kr/zf_user/jobs/relay/view?isMypage=no&rec_idx=45335127
오비오주식회사,DevOps/시스템 엔지니어 채용,경기전체,https://www.saramin.co.kr/zf_user/jobs/relay/view?isMypage=no&rec_idx=43138288
(주)이스트소프트,[ESTsoft] DevOps 엔지니어 (경력),서울전체,https://www.saramin.co.kr/zf_user/jobs/relay/view?isMypage=no&rec_idx=43301252
(주)이노그리드,[이노그리드] R&D 개발센터 경력 채용 (DevOps팀),서울중구,https://www.saramin.co.kr/zf_user/jobs/relay/view?isMypage=no&rec_idx=45154689
(주)이스트시큐리티,[ESTsecurity] IT시스템 DevOps 엔지니어 (리드급),서울전체,https://www.saramin.co.kr/zf_user/jobs/relay/view?isMypage=no&rec_idx=44192153
오케스트로(주),Full Stack Developer(DevOps Platform),서울전체,https://www.saramin.co.kr/zf_user/jobs/relay/view?isMypage=no&rec_idx=44349000
(주)인텍에프에이,devops/시스템엔지니어 모집,경기전체,https://www.saramin.co.kr/zf_user/jobs/relay/view?isMypage=no&rec_idx=45025222
(주)플래티어,코스닥 상장사 ㈜플래티어 IDT부문 DevOps 엔지니어 채용,서울송파구,https://www.saramin.co.kr/zf_user/jobs/relay/view?isMypage=no&rec_idx=45160631
(주)무하유,[무하유/카피킬러] DevOps Engineer,서울전체,https://www.saramin.co.kr/zf_user/jobs/relay/view?isMypage=no&rec_idx=44625732
(주)티몬,[티몬] 전사개발표준관리 및 DevOps,서울강남구,https://www.saramin.co.kr/zf_user/jobs/relay/view?isMypage=no&rec_idx=45290650
메가존클라우드(주),DevOps Architect Engineer 채용,서울강남구,https://www.saramin.co.kr/zf_user/jobs/relay/view?isMypage=no&rec_idx=45145302
메가존클라우드(주),Platform Service (개발/AA/Engineer/DevOps 등) 채용,서울강남구,https://www.saramin.co.kr/zf_user/jobs/relay/view?isMypage=no&rec_idx=45190954
메가존클라우드(주),"VDI,HashiCorp 기술전문가(VDI Engineer, DevOps, Sales 등)",서울강남구,https://www.saramin.co.kr/zf_user/jobs/relay/view?isMypage=no&rec_idx=45190857
메가존클라우드(주),"Azure, GCP 기술 전문가(SA, Game, DevOps 등) 채용",서울강남구,https://www.saramin.co.kr/zf_user/jobs/relay/view?isMypage=no&rec_idx=45190916
메가존클라우드(주),Tanzu Platform Architect (Pre-Sales/K8s/DevOps) 채용,서울강남구,https://www.saramin.co.kr/zf_user/jobs/relay/view?isMypage=no&rec_idx=45298550
(주)이제이엔,DevOps Engineer(3년 이상),서울전체,https://www.saramin.co.kr/zf_user/jobs/relay/view?isMypage=no&rec_idx=42806042
(주)위메프,[위메프서비스] DevOps Engineer,서울강남구,https://www.saramin.co.kr/zf_user/jobs/relay/view?isMypage=no&rec_idx=45374021
(주)뉴빌리티,DevOps Engineer(Robotics) (전문연구요원 편입가능),서울전체,https://www.saramin.co.kr/zf_user/jobs/relay/view?isMypage=no&rec_idx=44923904
(주)다날핀테크,다날핀테크 개발본부 DevOps 경력사원 모집,경기성남시 분당구,https://www.saramin.co.kr/zf_user/jobs/relay/view?isMypage=no&rec_idx=45203539
(주)맥스트,DevOps 엔지니어 채용 (경력),서울강남구,https://www.saramin.co.kr/zf_user/jobs/relay/view?isMypage=no&rec_idx=45214709
(주)미디움,[기술본부] DevOps 엔지니어 채용,서울강남구,https://www.saramin.co.kr/zf_user/jobs/relay/view?isMypage=no&rec_idx=45356698
(주)페이타랩,[패스오더] DevOps Engineer,서울전체,https://www.saramin.co.kr/zf_user/jobs/relay/view?isMypage=no&rec_idx=42095487
(주)페이타랩,[패스오더] DevOps Engineer (병역특례/산업기능요원/보충역/전직),서울전체,https://www.saramin.co.kr/zf_user/jobs/relay/view?isMypage=no&rec_idx=42360508
(주)알체라,[경력] DevOps Engineer,경기전체,https://www.saramin.co.kr/zf_user/jobs/relay/view?isMypage=no&rec_idx=44408316
(주)스마일게이트메가포트,[테일즈런너] PC게임 서비스 운영(GM) 담당,경기성남시 분당구,https://www.saramin.co.kr/zf_user/jobs/relay/view?isMypage=no&rec_idx=45156009
넛지헬스케어(주),[캐시워크] 백엔드/서버 개발자,서울강남구,https://www.saramin.co.kr/zf_user/jobs/relay/view?isMypage=no&rec_idx=45300278
오케스트로(주),운영유지보수-개발,서울전체,https://www.saramin.co.kr/zf_user/jobs/relay/view?isMypage=no&rec_idx=45328559
(주)에스티이지,(주)STEG 솔루션 본부 2023년 상반기 각 부문별 신입&경력 채용,서울금천구,https://www.saramin.co.kr/zf_user/jobs/relay/view?isMypage=no&rec_idx=45288270
(주)에스제이더블유인터내셔널,[시원스쿨] 웹개발자(PHP) 채용,서울영등포구,https://www.saramin.co.kr/zf_user/jobs/relay/view?isMypage=no&rec_idx=45303645
행복쇼핑(주),REACT · PHP · PYTHON 개발자 채용,서울영등포구,https://www.saramin.co.kr/zf_user/jobs/relay/view?isMypage=no&rec_idx=45151709
(주)스탠스,(주)스탠스 유니티 신입/경력 개발자 모집,서울노원구,https://www.saramin.co.kr/zf_user/jobs/relay/view?isMypage=no&rec_idx=45116779
몬드리안에이아이(주),"백엔드 개발자 (신입, 경력) 채용",인천연수구,https://www.saramin.co.kr/zf_user/jobs/relay/view?isMypage=no&rec_idx=45040577
와이즈마인드(주),스마트팩토리 시스템 프로그램 개발자 채용,경남진주시,https://www.saramin.co.kr/zf_user/jobs/relay/view?isMypage=no&rec_idx=45143341
루먼랩(주),"백엔드(Java spring,Springboot,Spring framework) 개발자 채용",서울송파구,https://www.saramin.co.kr/zf_user/jobs/relay/view?isMypage=no&rec_idx=45255556
(주)하늘엔,"PHP개발자 및 React개발자, Frontend Developer분야 채용",부산연제구,https://www.saramin.co.kr/zf_user/jobs/relay/view?isMypage=no&rec_idx=45365985
(주)해인코퍼레이션,아마존US 의류브랜드 MD 신규채용,서울동대문구,https://www.saramin.co.kr/zf_user/jobs/relay/view?isMypage=no&rec_idx=45183491
(주)루닛,[헬스케어 상장사] 국내 사업 개발 담당자(영업 관리),서울강남구,https://www.saramin.co.kr/zf_user/jobs/relay/view?isMypage=no&rec_idx=45367419
(주)에잇스니핏,"8snippet IT서비스 고객지원(CS) 인재 채용 / 대전, 세종",대전유성구,https://www.saramin.co.kr/zf_user/jobs/relay/view?isMypage=no&rec_idx=45317575
(주)디카르고,[디카르고] JAVA백엔드주니어개발자 채용,서울강남구,https://www.saramin.co.kr/zf_user/jobs/relay/view?isMypage=no&rec_idx=45179539
(주)아데코코리아,[자율주행/서울] Software Engineer,서울성동구,https://www.saramin.co.kr/zf_user/jobs/relay/view?isMypage=no&rec_idx=45298331
(주)에티버스,(주)에티버스 Oracle DB 엔지니어 모집 (경력),서울중구,https://www.saramin.co.kr/zf_user/jobs/relay/view?isMypage=no&rec_idx=45030576
롯데정보통신(주),[P클라우드팀] 퍼블릭 클라우드 매니지드 서비스,서울전체,https://www.saramin.co.kr/zf_user/jobs/relay/view?isMypage=no&rec_idx=45065306
(주)드림어스컴퍼니,[오디오 플랫폼 FLO] Backend(Senior) 개발자,서울전체,https://www.saramin.co.kr/zf_user/jobs/relay/view?isMypage=no&rec_idx=43242352
(주)드림어스컴퍼니,[오디오 플랫폼 FLO] Backend(Junior) 개발자,서울전체,https://www.saramin.co.kr/zf_user/jobs/relay/view?isMypage=no&rec_idx=40715106
(주)커리어케어,스마트팩토리 솔루션 스타트업 개발팀장,인천연수구,https://www.saramin.co.kr/zf_user/jobs/relay/view?isMypage=no&rec_idx=45379908
넛지헬스케어(주),[병역특례] 백엔드 개발(Node.js) 산업기능요원 모집,서울전체,https://www.saramin.co.kr/zf_user/jobs/relay/view?isMypage=no&rec_idx=44038475
넛지헬스케어(주),[캐시워크] 백엔드/서버 개발자,서울전체,https://www.saramin.co.kr/zf_user/jobs/relay/view?isMypage=no&rec_idx=44036382
넛지헬스케어(주),[캐시워크-병역특례] 백엔드개발 산업기능요원,서울강남구,https://www.saramin.co.kr/zf_user/jobs/relay/view?isMypage=no&rec_idx=45151658
(주)칩스앤미디어,[반도체IP 개발사] SW Test Engineer,서울전체,https://www.saramin.co.kr/zf_user/jobs/relay/view?isMypage=no&rec_idx=43887927
(주)해줌,[에너지IT기업 해줌] 프론트엔드 개발 팀장,서울전체,https://www.saramin.co.kr/zf_user/jobs/relay/view?isMypage=no&rec_idx=44478151
오케스트로(주),Cloud Architect (Application Architect),서울전체,https://www.saramin.co.kr/zf_user/jobs/relay/view?isMypage=no&rec_idx=44854290
(주)아이오바이오,플랫폼 사업 프론트엔드 개발자 모집,서울전체,https://www.saramin.co.kr/zf_user/jobs/relay/view?isMypage=no&rec_idx=45321428
파킹클라우드(주),[파킹클라우드-SK계열사] 웹 프론트엔드 개발자,서울전체,https://www.saramin.co.kr/zf_user/jobs/relay/view?isMypage=no&rec_idx=44252911
파킹클라우드(주),[SK계열사] 웹 프론트엔드 개발자 채용,서울구로구,https://www.saramin.co.kr/zf_user/jobs/relay/view?isMypage=no&rec_idx=45225357
라온피플(주),AI플랫폼 부문 개발자 모집,경기성남시 분당구,https://www.saramin.co.kr/zf_user/jobs/relay/view?isMypage=no&rec_idx=45183265
베스핀글로벌(주),금융 Presales 영입,서울서초구,https://www.saramin.co.kr/zf_user/jobs/relay/view?isMypage=no&rec_idx=45231123
(주)슈프리마,얼굴인식/비디오 분석 인공지능 알고리즘 개발자,경기전체,https://www.saramin.co.kr/zf_user/jobs/relay/view?isMypage=no&rec_idx=44846105
(주)디오에프연구소,SW QA 엔지니어,서울전체,https://www.saramin.co.kr/zf_user/jobs/relay/view?isMypage=no&rec_idx=44981276
(주)씨이랩,[(주)씨이랩] 웹서비스 백엔드 개발 및 운영담당자 모집,서울강남구,https://www.saramin.co.kr/zf_user/jobs/relay/view?isMypage=no&rec_idx=45254611
(주)스카우트,React 또는 Flutter 프론트엔드 개발자,서울강남구,https://www.saramin.co.kr/zf_user/jobs/relay/view?isMypage=no&rec_idx=45285952
(주)스카우트,[AI전문기업] Software Engineer,서울강남구,https://www.saramin.co.kr/zf_user/jobs/relay/view?isMypage=no&rec_idx=45296195
(주)스카우트,[삼성계열 SW 전문기업] Openstack 클라우드 플랫폼 B/E 개발,서울강남구,https://www.saramin.co.kr/zf_user/jobs/relay/view?isMypage=no&rec_idx=45323898
(주)스카우트,취약점 관리 및 진단 담당,서울강남구,https://www.saramin.co.kr/zf_user/jobs/relay/view?isMypage=no&rec_idx=45332981
(주)사이버메드,(주)사이버메드 S/W 정규직 채용,대전유성구,https://www.saramin.co.kr/zf_user/jobs/relay/view?isMypage=no&rec_idx=44974257
(주)주스,[KT그룹사 Juice](주)지니뮤직 계열사 Front-end 개발자 채용,서울강남구,https://www.saramin.co.kr/zf_user/jobs/relay/view?isMypage=no&rec_idx=45220516
(주)가비아씨엔에스,가비아CNS 영업담당 채용,경기성남시,https://www.saramin.co.kr/zf_user/jobs/relay/view?isMypage=no&rec_idx=45353861
(주)루닛,QA Manager(의료기기 품질보증 담당자 채용),서울강남구,https://www.saramin.co.kr/zf_user/jobs/relay/view?isMypage=no&rec_idx=45352229
(주)야놀자,Back-end Engineer - F&B 솔루션,서울강남구,https://www.saramin.co.kr/zf_user/jobs/relay/view?isMypage=no&rec_idx=45343913
(주)단군소프트,AEC 엔지니어,서울강남구,https://www.saramin.co.kr/zf_user/jobs/relay/view?isMypage=no&rec_idx=45385230
(주)안랩,[경력] 보안관제 웹서비스 개발자 모집 (채용시 마감),경기성남시 분당구,https://www.saramin.co.kr/zf_user/jobs/relay/view?isMypage=no&rec_idx=45316807
롯데정보통신(주),[P클라우드팀] SA (AWS),서울전체,https://www.saramin.co.kr/zf_user/jobs/relay/view?isMypage=no&rec_idx=45065189
(주)단군소프트,"Autodesk 기술지원 엔지니어(AutoCAD, Inventor)",서울강남구,https://www.saramin.co.kr/zf_user/jobs/relay/view?isMypage=no&rec_idx=45385221
㈜다날,다날 PG 금융서비스기술 운영(신입/경력) 모집,경기성남시 분당구,https://www.saramin.co.kr/zf_user/jobs/relay/view?isMypage=no&rec_idx=45039262
㈜비디,서비스플랫폼그룹 백엔드 개발자 채용,서울구로구,https://www.saramin.co.kr/zf_user/jobs/relay/view?isMypage=no&rec_idx=45171358
(주)투비소프트,[(주)투비소프트] 연구소 각 부문 채용(신입/경력),서울강남구,https://www.saramin.co.kr/zf_user/jobs/relay/view?isMypage=no&rec_idx=45216484
(주)해줌,[에너지 IT기업 해줌] 백엔드 개발자 채용,서울전체,https://www.saramin.co.kr/zf_user/jobs/relay/view?isMypage=no&rec_idx=40501526
(주)딥노이드,"플랫폼 - 웹기획,인공지능,운영,프론트·백엔드,데스옵스,QA",서울구로구,https://www.saramin.co.kr/zf_user/jobs/relay/view?isMypage=no&rec_idx=45000577
(주)푸드테크,(주)푸드테크 IT부문 웹개발자 채용,서울강남구,https://www.saramin.co.kr/zf_user/jobs/relay/view?isMypage=no&rec_idx=45322696
라온피플(주),AI 스마트팜 부문 개발자 모집,경기성남시 분당구,https://www.saramin.co.kr/zf_user/jobs/relay/view?isMypage=no&rec_idx=45101660
넷마블(주),[넷마블] 업무시스템 담당자 모집,서울구로구,https://www.saramin.co.kr/zf_user/jobs/relay/view?isMypage=no&rec_idx=45312400
메가존클라우드(주),AWS Managed Service (Enterprise Cloud Engineer) 채용,서울강남구,https://www.saramin.co.kr/zf_user/jobs/relay/view?isMypage=no&rec_idx=45171382
메가존클라우드(주),AWS 시스템 엔지니어 System Management,서울강남구,https://www.saramin.co.kr/zf_user/jobs/relay/view?isMypage=no&rec_idx=45191016
씨앤토트㈜,Microsoft Azure Cloud 엔지니어 모집 (신입/경력),서울서초구,https://www.saramin.co.kr/zf_user/jobs/relay/view?isMypage=no&rec_idx=45135432
메가존클라우드(주),"AWS 기술 전문가(AWS SA,PreSales,Data,Game,Security 등) 채용",서울강남구,https://www.saramin.co.kr/zf_user/jobs/relay/view?isMypage=no&rec_idx=45245501
(주)온다,[ONDA] 서비스 인프라 구성/운영 SRE 담당자를 모십니다,서울강남구,https://www.saramin.co.kr/zf_user/jobs/relay/view?isMypage=no&rec_idx=45277842
(주)루닛,Backend Engineer · AI Platform (영문 이력서 필수),서울강남구,https://www.saramin.co.kr/zf_user/jobs/relay/view?isMypage=no&rec_idx=45384972
주식회사 인피니티 익스체인지 코리아,IT 인프라 담당자,서울서초구,https://www.saramin.co.kr/zf_user/jobs/relay/view?isMypage=no&rec_idx=45385183
아우토크립트(주),[S/W 검증] 업무 담당 채용 (병역특례 가능),서울영등포구,https://www.saramin.co.kr/zf_user/jobs/relay/view?isMypage=no&rec_idx=45371916
(주)제타럭스시스템,[급성장중]SI사업부 개발직군 경력개발자 채용,서울송파구,https://www.saramin.co.kr/zf_user/jobs/relay/view?isMypage=no&rec_idx=45381478
(주)비에스씨,미들(시니어 초급) Java 개발자/계약직/프리랜서(1년 계약) 채용,서울전체,https://www.saramin.co.kr/zf_user/jobs/relay/view?isMypage=no&rec_idx=45181025
(주)시스콘,소프트웨어개발자[신입/경력/전문연구원] & FAE(필드엔지니어),인천서구,https://www.saramin.co.kr/zf_user/jobs/relay/view?isMypage=no&rec_idx=45307862
(주)스테이지파이브,[카카오 계열사] STAGE FIVE '모바일 코어 네트워크 인프라',서울송파구,https://www.saramin.co.kr/zf_user/jobs/relay/view?isMypage=no&rec_idx=45250444
(주)인디제이,inDJ 백앤드 개발 담당자(선임/책임급),광주동구,https://www.saramin.co.kr/zf_user/jobs/relay/view?isMypage=no&rec_idx=45374020
(주)토스랩,[잔디] 시스템엔지니어,서울강남구,https://www.saramin.co.kr/zf_user/jobs/relay/view?isMypage=no&rec_idx=45360493
(주)웰데이타시스템,[클라우드 매니지드/ 기술운영/ 시스템엔지니어/ 서버관리] 채용,서울강남구,https://www.saramin.co.kr/zf_user/jobs/relay/view?isMypage=no&rec_idx=45212828
(주)시큐다임,[(주)시큐다임] 2023년 R&D센터 개발자 채용,서울강남구,https://www.saramin.co.kr/zf_user/jobs/relay/view?isMypage=no&rec_idx=45196334
(주)가치정보기술,지역별 SI/SM 프로젝트 안내,서울강남구,https://www.saramin.co.kr/zf_user/jobs/relay/view?isMypage=no&rec_idx=45163830
(주)스마트스코어,[골프IT선두기업 스마트스코어] 전직군 신입 및 경력 수시채용,서울강남구,https://www.saramin.co.kr/zf_user/jobs/relay/view?isMypage=no&rec_idx=45192138
(주)블랙탠저린,[패션 커머스 스타트업] 앱 개발자 (flutter&dart),서울강남구,https://www.saramin.co.kr/zf_user/jobs/relay/view?isMypage=no&rec_idx=45248913
(주)블랙탠저린,모바일 앱 개발자 구인,서울전체,https://www.saramin.co.kr/zf_user/jobs/relay/view?isMypage=no&rec_idx=45254093
(주)알프소프트,(인턴) 프론트엔드 개발자 채용,경기성남시 분당구,https://www.saramin.co.kr/zf_user/jobs/relay/view?isMypage=no&rec_idx=45309165
(주)비바이노베이션,[착한의사] 개발팀(팀장급),서울강남구,https://www.saramin.co.kr/zf_user/jobs/relay/view?isMypage=no&rec_idx=45384804
(주)유니아이,"[경력]머신비전 S/W개발자 모집(MFC,C++,OpenCV,MIL) 군포, 구미",경기군포시,https://www.saramin.co.kr/zf_user/jobs/relay/view?isMypage=no&rec_idx=45103040
(주)마케팅몬스터,(주)마케팅몬스터 백엔드/서버개발 채용공고,부산해운대구,https://www.saramin.co.kr/zf_user/jobs/relay/view?isMypage=no&rec_idx=45275650
(사)일도시연구소,개발자채용/(사)일도시 연구소 IT 개발 및 연구 /웹기획,광주북구,https://www.saramin.co.kr/zf_user/jobs/relay/view?isMypage=no&rec_idx=45276618
(주)지엘엔인터내셔널,[GLN] 인프라 담당자,서울전체,https://www.saramin.co.kr/zf_user/jobs/relay/view?isMypage=no&rec_idx=45272721
(주)핀커스코리아,백엔드/프론트엔드 개발자 [의료 AI솔루션 기업],서울강남구,https://www.saramin.co.kr/zf_user/jobs/relay/view?isMypage=no&rec_idx=45341773
(주)에듀윌,SE(시스템엔지니어) 정규직 채용(경력),서울구로구,https://www.saramin.co.kr/zf_user/jobs/relay/view?isMypage=no&rec_idx=45356983
에이에스엠엘코리아(유),Cloud Cost Analyst Core IT Infra CcoE System team,유럽네덜란드,https://www.saramin.co.kr/zf_user/jobs/relay/view?isMypage=no&rec_idx=45149868
코카콜라음료(주),Senior ML Engineer,미국텍사스주,https://www.saramin.co.kr/zf_user/jobs/relay/view?isMypage=no&rec_idx=45171779
(주)야놀자,DBA (DataBase Administrator),서울강남구,https://www.saramin.co.kr/zf_user/jobs/relay/view?isMypage=no&rec_idx=45236226
현대자동차(주),커넥티드 카 서비스 개발,서울전체,https://www.saramin.co.kr/zf_user/jobs/relay/view?isMypage=no&rec_idx=45338482
십일번가(주),검색관리도구 Engineer 모집,서울중구,https://www.saramin.co.kr/zf_user/jobs/relay/view?isMypage=no&rec_idx=45148164
십일번가(주),리테일/WMS Backend 개발 분야 모집,서울중구,https://www.saramin.co.kr/zf_user/jobs/relay/view?isMypage=no&rec_idx=45147887
십일번가(주),검색서비스 개발 분야 모집,서울중구,https://www.saramin.co.kr/zf_user/jobs/relay/view?isMypage=no&rec_idx=45168442
십일번가(주),주문/고객센터 Backend 개발 분야 모집,서울중구,https://www.saramin.co.kr/zf_user/jobs/relay/view?isMypage=no&rec_idx=45147703
십일번가(주),검색서비스 Backend 개발 분야 모집,서울중구,https://www.saramin.co.kr/zf_user/jobs/relay/view?isMypage=no&rec_idx=45167212
신성통상(주),패션 시스템(영업관리)_운영 /유지보수 담당자,서울전체,https://www.saramin.co.kr/zf_user/jobs/relay/view?isMypage=no&rec_idx=45106246
(주)엔씨소프트,야구서비스 플랫폼 백엔드 개발자 모집,경기성남시 분당구,https://www.saramin.co.kr/zf_user/jobs/relay/view?isMypage=no&rec_idx=45147298
삼양데이타시스템(주),클라우드(AWS Azure)/가상화 운영 인력 채용,서울종로구,https://www.saramin.co.kr/zf_user/jobs/relay/view?isMypage=no&rec_idx=45029706
(주)이랜드이노플,시스템 엔지니어 (인프라),서울전체,https://www.saramin.co.kr/zf_user/jobs/relay/view?isMypage=no&rec_idx=45337050
(주)지에스아이티엠,"[GS ITM] GS리테일 편의점 가맹지원, 점포경영시스템 운영/개발",서울전체,https://www.saramin.co.kr/zf_user/jobs/relay/view?isMypage=no&rec_idx=43922696
(주)케이에스엠,IT관리 담당자 채용,경기전체,https://www.saramin.co.kr/zf_user/jobs/relay/view?isMypage=no&rec_idx=44429280
(주)무신사,[29CM] 프론트엔드 시니어 개발자,서울성동구,https://www.saramin.co.kr/zf_user/jobs/relay/view?isMypage=no&rec_idx=45144761
(주)무신사,[29CM] 데이터 분석팀 리드,서울성동구,https://www.saramin.co.kr/zf_user/jobs/relay/view?isMypage=no&rec_idx=45148563
(주)무신사,[29CM] Sr. Product Designer,서울성동구,https://www.saramin.co.kr/zf_user/jobs/relay/view?isMypage=no&rec_idx=45148397
스포츠투아이(주),"웹 프로그래머 (BackEnd), 윈도우 프로그래머 모집 (경력/신입)",경기성남시 분당구,https://www.saramin.co.kr/zf_user/jobs/relay/view?isMypage=no&rec_idx=45018268
(주)파츠몰,파츠몰 전산팀 팀원 모집,경기고양시,https://www.saramin.co.kr/zf_user/jobs/relay/view?isMypage=no&rec_idx=45231596
(주)서플러스글로벌,내부시스템 SW 개발자 경력채용,경기전체,https://www.saramin.co.kr/zf_user/jobs/relay/view?isMypage=no&rec_idx=45288695
(주)유호스트,[LG그룹/상암] SI 프로젝트 TA / AA / DA 담당 채용,서울마포구,https://www.saramin.co.kr/zf_user/jobs/relay/view?isMypage=no&rec_idx=45362315
(주)크래프톤,Environment (Vegetation) Artist [Black Budget],유럽네덜란드,https://www.saramin.co.kr/zf_user/jobs/relay/view?isMypage=no&rec_idx=45160451
(주)미쓰이스미토모은행서울,Senior Software Engineer,미국뉴욕,https://www.saramin.co.kr/zf_user/jobs/relay/view?isMypage=no&rec_idx=45169998
(주)크래프톤,[NFT Metaverse Dept.] Data Engineer (2년 ~ 8년),서울서초구,https://www.saramin.co.kr/zf_user/jobs/relay/view?isMypage=no&rec_idx=45173092
(주)크래프톤,Automation Engineer [Black Budget],유럽네덜란드,https://www.saramin.co.kr/zf_user/jobs/relay/view?isMypage=no&rec_idx=45171879
티맵모빌리티(주),[티맵모빌리티]개발자 모집(Client/Flutter/BE/FE),서울중구,https://www.saramin.co.kr/zf_user/jobs/relay/view?isMypage=no&rec_idx=45193832
(주)아이티이지,ITEASY 인프라설계팀 (클라우드 개발-TA 직무) 신입/경력 채용,서울서초구,https://www.saramin.co.kr/zf_user/jobs/relay/view?isMypage=no&rec_idx=45198644
(주)날개물류,백엔드 개발자 채용,경기파주시,https://www.saramin.co.kr/zf_user/jobs/relay/view?isMypage=no&rec_idx=45366058
(주)씨이랩,[(주)씨이랩] 백엔드 개발자 모집,서울강남구,https://www.saramin.co.kr/zf_user/jobs/relay/view?isMypage=no&rec_idx=45211921
(주)스카이오토넷,(주)스카이오토넷 - MCU 펌웨어 개발자 (경력 5년이상),서울서초구,https://www.saramin.co.kr/zf_user/jobs/relay/view?isMypage=no&rec_idx=44955214
메가존클라우드(주),DSO (PM/Frontend/Backend/AA 등) 채용,서울강남구,https://www.saramin.co.kr/zf_user/jobs/relay/view?isMypage=no&rec_idx=45197531
메가존클라우드(주),24X7 클라우드 운영 및 관제 모니터링,서울강남구,https://www.saramin.co.kr/zf_user/jobs/relay/view?isMypage=no&rec_idx=45191093
메가존클라우드(주),"시스템엔지니어 채용(Linux, Windows, OpenStack, VMware)",서울강남구,https://www.saramin.co.kr/zf_user/jobs/relay/view?isMypage=no&rec_idx=45191059
메가존클라우드(주),기술엔지니어 채용 (신입),서울강남구,https://www.saramin.co.kr/zf_user/jobs/relay/view?isMypage=no&rec_idx=45245452
메가존클라우드(주),Microsoft Technology Center 채용,서울강남구,https://www.saramin.co.kr/zf_user/jobs/relay/view?isMypage=no&rec_idx=45245468
